question,system,accuracy,relevance,completeness,conciseness,reasoning
How could combining vector databases and graph databases create a more effective hybrid RAG system?,Baseline RAG,2,2,1,4,"The answer lacks specific information and does not address the question effectively, but it is concise."
"What are the main differences between Naive RAG, GraphRAG, and TagRAG?",Baseline RAG,4,5,4,4,"The answer is mostly accurate and relevant, covering key differences, but could benefit from more detail on Naive RAG's limitations and a slightly more concise presentation."
What are the key limitations of Naive RAG systems?,Baseline RAG,4,5,4,5,"The answer is mostly accurate and relevant, covering key limitations, but could benefit from more detail on each point for completeness."
How does GraphRAG improve upon standard RAG for complex reasoning tasks?,Baseline RAG,5,5,4,4,"The answer accurately describes how GraphRAG improves upon standard RAG, directly addresses the question, and covers key aspects, though it could be slightly more concise and could elaborate on the challenges faced by GraphRAG."
Compare the efficiency of GraphRAG and TagRAG in terms of construction and retrieval time.,Baseline RAG,5,5,4,5,"The answer is factually correct and directly addresses the question, though it could provide more context on the metrics used for efficiency comparison."
In which cases is standard RAG still useful compared to graph-based approaches?,Baseline RAG,2,2,1,4,"The answer lacks specific information and does not address the question adequately, but it is concise in its response."
What is the role of community detection in GraphRAG's indexing process?,Baseline RAG,3,3,2,4,"The answer acknowledges the lack of specific information regarding community detection's role in the indexing process, but it does not provide a clear explanation or sufficient detail to fully address the question."
How do graph-based RAG systems handle multi-hop reasoning questions better than vector-based RAG?,Baseline RAG,3,3,2,4,"The answer correctly states that the context does not provide specific information, but it fails to address the question adequately and lacks depth in discussing the comparison between the two RAG systems."
What are tag chains in TagRAG and how do they enable hierarchical knowledge retrieval?,Baseline RAG,5,5,5,4,"The answer is factually correct, directly addresses the question, covers all important aspects of tag chains in TagRAG, and is mostly concise, though it could be slightly more succinct."
What are the computational costs associated with building a GraphRAG index compared to a simple vector store?,Baseline RAG,4,4,3,5,"The answer accurately describes the costs associated with GraphRAG but lacks specific quantification and a direct comparison to vector stores, affecting its completeness."
How could combining vector databases and graph databases create a more effective hybrid RAG system?,GraphRAG,5,5,4,4,"The answer is factually correct and directly addresses the question, covering key aspects of both vector and graph databases, though it could be slightly more concise and could benefit from a clearer conclusion."
"What are the main differences between Naive RAG, GraphRAG, and TagRAG?",GraphRAG,5,5,4,4,"The answer is factually correct and directly addresses the question, covering the main differences between the RAG systems, though it could be slightly more concise and complete by including a brief overview of TagRAG."
What are the key limitations of Naive RAG systems?,GraphRAG,5,5,4,4,"The answer is factually correct and directly addresses the question, covering key limitations of Naive RAG systems, though it could be slightly more concise and complete in its discussion of limitations."
How does GraphRAG improve upon standard RAG for complex reasoning tasks?,GraphRAG,5,5,4,4,"The answer accurately describes how GraphRAG improves upon standard RAG, directly addresses the question, covers most important aspects, but could be slightly more concise in some sections."
Compare the efficiency of GraphRAG and TagRAG in terms of construction and retrieval time.,GraphRAG,5,5,4,4,"The answer is factually correct and directly addresses the question, though it could be slightly more concise and cover all aspects of the comparison more thoroughly."
graphrag_Q5_usecases,GraphRAG,3,4,3,2,"The answer provides some relevant points about the advantages of standard RAG over graph-based approaches, but it lacks clarity and is overly verbose, making it difficult to fully assess its accuracy and completeness."
What is the role of community detection in GraphRAG's indexing process?,GraphRAG,5,5,5,4,"The answer is factually correct, directly addresses the question, covers all important aspects of community detection in GraphRAG's indexing process, and is mostly concise, though it could be slightly more succinct."
How do graph-based RAG systems handle multi-hop reasoning questions better than vector-based RAG?,GraphRAG,5,5,4,4,"The answer is factually correct and directly addresses the question, covering key aspects of graph-based RAG systems, though it could be slightly more concise and could benefit from a more explicit conclusion."
What are tag chains in TagRAG and how do they enable hierarchical knowledge retrieval?,GraphRAG,4,5,4,3,"The answer is mostly accurate and relevant, covering key aspects of tag chains and their role in hierarchical knowledge retrieval, but it could be slightly more concise."
What are the computational costs associated with building a GraphRAG index compared to a simple vector store?,GraphRAG,5,5,4,4,"The answer accurately describes the computational costs of GraphRAG compared to a simple vector store, directly addresses the question, covers most important aspects, but could be slightly more concise."
How could combining vector databases and graph databases create a more effective hybrid RAG system?,LightRAG,5,5,4,4,"The answer is factually correct and directly addresses the question, covering key aspects of the integration of vector and graph databases, though it could be slightly more concise."
"What are the main differences between Naive RAG, GraphRAG, and TagRAG?",LightRAG,4,5,4,3,"The answer is mostly accurate and relevant, covering the main differences between the RAG systems, but it lacks some detail on TagRAG and could be more concise."
What are the key limitations of Naive RAG systems?,LightRAG,5,5,5,4,"The answer accurately identifies and explains the key limitations of Naive RAG systems, directly addresses the question, covers all important aspects, and is mostly concise, though it could be slightly more succinct."
How does GraphRAG improve upon standard RAG for complex reasoning tasks?,LightRAG,5,5,4,4,"The answer accurately describes the improvements of GraphRAG over standard RAG, directly addresses the question, covers most key aspects, and is mostly concise, though it could be slightly more succinct."
Compare the efficiency of GraphRAG and TagRAG in terms of construction and retrieval time.,LightRAG,5,5,5,4,"The answer accurately compares the efficiency of GraphRAG and TagRAG in terms of construction and retrieval time, addressing all relevant aspects, though it could be slightly more concise."
In which cases is standard RAG still useful compared to graph-based approaches?,LightRAG,5,5,5,4,"The answer is factually correct, directly addresses the question, covers all important aspects of standard RAG's usefulness, and is mostly concise, though slightly verbose in some explanations."
What is the role of community detection in GraphRAG's indexing process?,LightRAG,5,5,5,4,"The answer is factually correct, directly addresses the question, covers all important aspects of community detection in GraphRAG, and is mostly concise, though slightly verbose in some explanations."
How do graph-based RAG systems handle multi-hop reasoning questions better than vector-based RAG?,LightRAG,5,5,4,4,"The answer is factually correct and directly addresses the question, covering key aspects of graph-based RAG systems, though it could be slightly more concise and complete with a final point."
What are tag chains in TagRAG and how do they enable hierarchical knowledge retrieval?,LightRAG,5,5,5,4,"The answer is factually correct, directly addresses the question, covers all important aspects of tag chains in TagRAG, and is mostly concise, though slightly verbose in some explanations."
What are the computational costs associated with building a GraphRAG index compared to a simple vector store?,LightRAG,1,1,1,5,"The answer does not provide any relevant information regarding the computational costs of building a GraphRAG index compared to a simple vector store, resulting in low scores for accuracy, relevance, and completeness, while being concise."
